ID,FirstName,LastName,Mobile,BaseId,Active,Positions,PayrollID,ProjectCode,CostCentre,LocationCode
1,ABIGAIL,ACCETINO,040404040,NULL,1,NULL,NULL,NULL,NULL,NULL
2,ADA,AGALE,040404040,NULL,1,NULL,NULL,NULL,NULL,NULL
3,ADDELYNE,AHRENS,040404040,5,1,NULL,4000553,310,25,20
4,ADRIEAANUS,AJAN,040404040,5,1,NULL,4000608,310,30,20
5,AGNES,ALBERT,040404040,6,1,NULL,4000992,310,25,40
6,AILSA,ALFREDSON,040404040,6,1,NULL,4001247,NULL,NULL,NULL
7,ALAN,ALTMAN,040404040,6,1,NULL,4001284,310,25,40
8,ALBERT,ANDERSEN,040404040,5,1,NULL,4001088,NULL,NULL,NULL
9,ALENA,ANGLESEY,040404040,6,1,NULL,4000732,NULL,NULL,NULL
10,ALEXANDRIA,ANUA,040404040,1,1,NULL,4000552,NULL,NULL,NULL
11,ALICIA,ARCHER,040404040,5,1,NULL,NULL,NULL,NULL,NULL
12,ALISAON,ARROWSMITH,040404040,6,1,NULL,4001062,NULL,NULL,NULL
13,ALLAN,ASHTON,040404040,6,1,NULL,4000237,110,20,40
14,ALMA,ATKINSON,040404040,5,1,NULL,4000718,NULL,NULL,NULL
15,AMANDA,AUGUSTINE,040404040,6,1,NULL,4000469,NULL,NULL,NULL
16,AMELAI,AYU,040404040,5,1,NULL,4000620,NULL,NULL,NULL
17,AMY,BADKIN,040404040,6,1,NULL,4001253,310,25,50
19,ANGELIKA,BALE,040404040,5,1,NULL,4001085,NULL,NULL,NULL
20,ANGELLA,BALTUS,040404040,6,1,NULL,4000865,310,25,40
22,ANISSA,BARDSLEY,040404040,1,1,NULL,4000109,201,25,50
23,ANNA MARIE,BARNEY,040404040,1,1,NULL,4001341,NULL,NULL,NULL
24,ANNEMARIE,BARRETT,040404040,5,1,NULL,4001325,NULL,NULL,NULL
25,ANTHEA,BARTLETT,040404040,NULL,0,NULL,4000201,NULL,NULL,NULL
26,ANTOINIE,BASILE,040404040,6,1,NULL,NULL,NULL,NULL,NULL
27,ANTONY,BATT,040404040,7,1,NULL,4001022,310,25,30
28,APHOL,BAXENDELL,040404040,4,1,NULL,4000358,NULL,NULL,NULL
29,ARI,BEAKIN,040404040,1,1,NULL,4000891,201,25,50
30,ARJUN,BEASLEY,040404040,5,1,NULL,4001316,NULL,NULL,NULL
31,ARREN,BEDOURIE,040404040,5,1,NULL,4000254,NULL,NULL,NULL
32,ASHLEE,BEIL,040404040,6,1,NULL,NULL,NULL,NULL,NULL
33,ASHTON,BENHIN,040404040,4,1,NULL,4000888,201,30,60
34,ASTRO,BENSON,040404040,5,1,NULL,4001079,NULL,NULL,NULL
35,ATTIKA,BERTHELSEN,040404040,5,1,NULL,4001378,NULL,NULL,NULL
36,AURORA,BEVERAGE,040404040,6,1,NULL,NULL,NULL,NULL,NULL
37,AYSE,BICKLE,040404040,3,0,NULL,4001338,310,30,55
39,BADEN,BISMAEK,040404040,5,0,NULL,NULL,NULL,NULL,NULL
40,BAPRET,BLACKSHAW,040404040,6,1,NULL,4001215,310,30,40
41,BARRINGTON,BLIGH,040404040,6,1,NULL,4001041,310,30,40
42,BAYLEY,BLUCHER,040404040,3,1,NULL,4000974,201,30,55
43,BEANCCA,BODE,040404040,4,1,NULL,4000384,201,25,60
44,BEE,BOKO,040404040,1,1,NULL,4000943,201,30,50
45,BELLA,BONHAM,040404040,1,0,NULL,4000174,NULL,NULL,NULL
46,BEN,BOOTH,040404040,7,1,NULL,4001311,110,20,30
47,BERDINA,BOSON,040404040,4,1,NULL,4000207,311,30,60
48,BERNADINE,BOWEN,040404040,5,1,NULL,NULL,NULL,NULL,NULL
49,BERYL,BOYCE,040404040,3,1,NULL,4000729,201,25,55
50,BEVAN,BRADFORD,040404040,1,1,NULL,4000060,313,25,50
51,BIANCA,BRANSTONE,040404040,1,0,NULL,4001019,NULL,NULL,NULL
52,BLAKE,BREDHAUER,040404040,5,1,NULL,4000616,310,30,20
53,BO KATH,BRIDGEMAN,040404040,5,1,NULL,4001327,NULL,NULL,NULL
54,BO NARELLE,BRINDLEY,040404040,5,0,NULL,4000448,NULL,NULL,NULL
55,BO SELINA,BRITTON,040404040,5,1,NULL,4000078,110,20,20
56,BO TAHLIA,BROOKES,040404040,5,1,NULL,4001136,NULL,NULL,NULL
57,BOBKID,BROWNING,040404040,7,1,NULL,4000133,310,25,30
58,BORA,BRUNDA,040404040,5,1,NULL,4000716,NULL,NULL,NULL
59,BRAD,BRYCE,040404040,1,1,NULL,9000227,0,0,50
60,BRAITHE,BUCKLEY,040404040,5,1,NULL,4000993,NULL,NULL,NULL
61,BRAXTON,BUHNER,040404040,7,1,NULL,4001290,310,30,30
62,BRENDAN,BULOW,040404040,1,1,NULL,4001053,201,30,50
63,BRENTON,BURGESS,040404040,7,1,NULL,4001167,NULL,NULL,NULL
64,BRIDGET,BURNS,040404040,7,1,NULL,4000081,110,20,30
65,BROCK,BUSIKO,040404040,3,1,NULL,4001313,201,25,20
66,BRONWYN,BUXTON,040404040,5,1,NULL,4001321,NULL,NULL,NULL
67,BROWYN,BYRNE,040404040,3,1,NULL,4001208,201,25,55
68,BRYAN,CALLAN,040404040,5,1,NULL,4001282,NULL,NULL,NULL
69,BULLI,CAMPTON,040404040,1,1,NULL,4000968,201,25,50
70,CAIN,CAPETTA,040404040,2,1,NULL,4000168,201,30,65
71,CALEB,CARIGEN,040404040,3,1,NULL,4000213,201,25,55
72,CAMELA,CARR,040404040,5,1,NULL,4000668,NULL,NULL,NULL
73,CARDELL,CARTWRIGHT,040404040,5,1,NULL,4000425,310,30,20
74,CARLEY,CASTLE,040404040,4,1,NULL,4000934,201,25,20
75,CARMEN,CATOR,040404040,1,1,NULL,4000387,201,30,50
76,CAROLINE,CAYLEY,040404040,1,1,NULL,4000348,201,25,50
77,CARTER,CHALLALOMBE,040404040,5,1,NULL,4000389,NULL,NULL,NULL
78,CASSEY,CHARAN,040404040,2,1,NULL,4000490,NULL,NULL,NULL
79,CATARINA,CHENEY,040404040,5,1,NULL,4000731,310,25,20
80,CATHRYN,CHILCOTT,040404040,4,1,NULL,4000814,201,30,60
81,CECELIA,CHOICE,040404040,3,1,NULL,4000361,201,30,55
82,CECILLIA,CHRISTIE,040404040,4,1,NULL,4000617,201,25,60
83,CELESTE,CLABHAM,040404040,1,1,NULL,NULL,NULL,NULL,NULL
84,CHANDLER,CLAY,040404040,1,1,NULL,4001342,NULL,NULL,NULL
85,CHARLEEN,CLIVE,040404040,5,1,NULL,4000952,310,25,20
86,CHARLOTTE,COBBO,040404040,5,1,NULL,4001270,NULL,NULL,NULL
87,CHASE,CODRINGTON,040404040,5,1,NULL,4000534,310,25,20
88,CHERIE,COLES,040404040,5,1,NULL,4001258,NULL,NULL,NULL
89,CHEUNE,COMBO,040404040,1,1,NULL,NULL,NULL,NULL,NULL
90,CHIKITA,CONGDON,040404040,5,1,NULL,4001172,310,30,20
91,CHLOE,CONWAY,040404040,1,1,NULL,4000036,NULL,NULL,NULL
92,CHRISTIANUS,COONEY,040404040,1,1,NULL,4000592,201,30,50
93,CHRISTINO,CORA,040404040,3,1,NULL,4001207,201,25,55
94,CINDY,CORNISH,040404040,5,1,NULL,4001035,NULL,NULL,NULL
95,CLANCY,COTTON,040404040,1,1,NULL,4000432,310,25,50
96,CLARENCE,COUSIN,040404040,1,1,NULL,4001086,311,30,50
97,CLAUDIARNA,COWLE,040404040,5,1,NULL,4000574,201,30,20
98,CLEO,CRAMP,040404040,5,1,NULL,4000577,NULL,NULL,NULL
99,CLINTON,CREEVEY,040404040,4,1,NULL,4001075,201,30,60
100,COBE,CROASDALE,040404040,2,1,NULL,4000408,201,25,65
101,CODY,CROSTHWAITE,040404040,5,1,NULL,4000136,310,30,20
102,COLETTE,CSEPREGI,040404040,1,1,NULL,4000312,201,25,50
103,COLLIN,CUMMING,040404040,5,1,NULL,4000826,NULL,NULL,NULL
104,CON,CURR,040404040,8,1,NULL,4000944,203,30,70
105,CONRAD,CUXSON,040404040,1,1,NULL,9000228,0,0,50
106,CORAL,DAHL,040404040,NULL,0,NULL,4001323,NULL,NULL,NULL
107,CORNELIUS,DALLADAY,040404040,6,1,NULL,4000170,310,30,40
108,CORY,DANIEL,040404040,5,1,NULL,4001265,NULL,NULL,NULL
109,CRYSTAL,DARKAN,040404040,2,1,NULL,4001055,201,25,65
110,CYBTHIA,DAVEY,040404040,3,1,NULL,4001209,201,30,55
111,DADID,DAWSON,040404040,4,1,NULL,4001077,201,30,60
112,DAISIE,DE SILVA,040404040,1,1,NULL,4000566,311,10,50
113,DALLAS,DEATH,040404040,6,1,NULL,4000158,110,20,40
114,DAN,DEFAZIO,040404040,5,1,NULL,4000167,110,20,20
115,DANIEL,DELL,040404040,7,1,NULL,4000834,NULL,NULL,NULL
116,DANYA,DENHAM,040404040,6,1,NULL,4001357,310,25,40
117,DARCY,DEPRA,040404040,NULL,1,NULL,NULL,NULL,NULL,NULL
118,DARREL,DEVERE,040404040,5,1,NULL,4001240,NULL,NULL,NULL
119,DARRYL,DIAMOND,040404040,4,1,NULL,4000182,201,25,60
120,DAVID,DIGGELMAN,040404040,7,1,NULL,4000132,310,25,30
121,DAWN,DINGLE,040404040,1,1,NULL,9000226,0,0,50
122,DEB,DISSEL,040404040,6,1,NULL,4000062,110,20,40
123,DECLAN,DODDS,040404040,5,1,NULL,4000063,310,25,20
124,DELL,DONAHUE,040404040,5,1,NULL,4000797,110,20,20
125,DELVA,DONWORTH,040404040,3,1,NULL,4001326,NULL,NULL,NULL
126,DENICE,DORMAN,040404040,1,1,NULL,4000058,NULL,NULL,NULL
127,DENNA,DOVER,040404040,4,1,NULL,4000206,201,30,60
128,DENYSE,DOYLE,040404040,4,1,NULL,4001252,201,25,60
129,DESMOND,DRISCOLL,040404040,6,1,NULL,4001214,110,20,40
130,DEXTER,DUCKHAM,040404040,5,1,NULL,4000485,110,20,20
131,DIANE,DUNCOMBE,040404040,4,1,NULL,4001319,NULL,NULL,NULL
132,DIMITRICE,DURDIN,040404040,6,1,NULL,4001262,NULL,NULL,NULL
133,DIRK,DWYER,040404040,4,1,NULL,4001315,201,25,60
134,DOMENIC,ECKFORD,040404040,3,1,NULL,4000434,201,25,55
135,DOMINGO,EFFREDT,040404040,4,1,NULL,4000479,201,25,60
136,DONNA,EKETORN,040404040,6,1,NULL,NULL,NULL,NULL,NULL
137,DORIS,ELLEM,040404040,6,1,NULL,4000406,110,20,40
138,DOUGAL,ELLUL,040404040,5,1,NULL,4000079,110,20,20
139,DUANNA,ELY,040404040,1,1,NULL,4000087,201,30,50
140,DUKE,ENNETT,040404040,1,1,NULL,4000510,311,30,50
141,DWAYNE,ESCOTT,040404040,5,1,NULL,4000309,311,30,20
142,EBONY,EUSTACE,040404040,1,1,NULL,4001231,310,30,50
143,EDIE,EVERSON,040404040,7,1,NULL,4001299,310,30,30
144,EDRIC,FAHEY,040404040,1,1,NULL,4001314,301,25,50
145,EDWIN,FAMIN,040404040,5,1,NULL,4001009,NULL,NULL,NULL
146,EILEEN,FARRY,040404040,6,1,NULL,4001365,NULL,NULL,NULL
147,ELBERTA,FELS,040404040,5,1,NULL,4001050,NULL,NULL,NULL
148,ELEVRA,FERMOR,040404040,6,1,NULL,4001000,NULL,NULL,NULL
149,ELISE,FICKLAND,040404040,7,1,NULL,4000540,110,20,30
150,ELIZABETH,FINCH,040404040,3,1,NULL,4001140,201,25,55
151,ELLENORA,FIRMAN,040404040,4,1,NULL,4000138,201,30,60
152,ELLIE,FIZSIMMONS,040404040,8,1,NULL,4001232,203,30,70
153,ELSPETH,FLENADY,040404040,5,1,NULL,4000194,311,30,20
154,ELYSE,FLOWER,040404040,3,1,NULL,4001307,201,30,55
155,EMILY,FOLEY,040404040,5,1,NULL,4000759,NULL,NULL,NULL
156,ENRIQUE,FORMAN,040404040,3,1,NULL,4001112,201,30,55
157,ERICA,FOX,040404040,5,1,NULL,4000763,NULL,NULL,NULL
158,ERLING,FRANCISCUS,040404040,1,1,NULL,4001230,203,30,50
159,ERWIN,FRECKLINGTON,040404040,4,1,NULL,4001016,201,25,60
160,ESTELLE,FRIEL,040404040,1,1,NULL,4000561,201,25,50
161,ETHAN,FULDEF,040404040,1,1,NULL,4000216,201,25,50
162,EUGENE,FURNESS,040404040,2,1,NULL,4001110,201,30,65
163,EVANGELINE,GADD,040404040,4,1,NULL,4000548,201,30,60
164,EVERLYN,GALEA,040404040,6,1,NULL,4000480,110,20,40
165,EWIN,GARDINER,040404040,1,1,NULL,4000706,201,25,50
166,FAI,GATHABALLALIN,040404040,6,1,NULL,NULL,NULL,NULL,NULL
167,FANGUTANGU,GEAR,040404040,3,0,NULL,4000975,NULL,NULL,NULL
168,FAYE,GEISS,040404040,5,1,NULL,4000418,NULL,NULL,NULL
169,FELLICIA,GEPPERT,040404040,4,1,NULL,4000243,NULL,NULL,NULL
170,FILMA,GIBBS,040404040,5,1,NULL,4000793,NULL,NULL,NULL
171,FIONA,GIFFORD,040404040,1,1,NULL,4000679,201,30,50
172,FLORENCE,GILDER,040404040,7,0,NULL,4000135,NULL,NULL,NULL
173,FRANCES,GILLIGAN,040404040,5,1,NULL,4001259,NULL,NULL,NULL
174,FRANCIS,GIOVANNINI,040404040,7,1,NULL,4000539,NULL,NULL,NULL
175,FRANKLIN,GLEESON,040404040,4,1,NULL,4000042,201,25,60
176,FREDERICK,GODBEE,040404040,4,1,NULL,4000467,311,30,60
177,GABOR,GOLDEN,040404040,3,1,NULL,4001157,NULL,NULL,NULL
178,GAETAN,GOLTZ,040404040,1,1,NULL,4000634,NULL,NULL,NULL
180,GARETH,GOSLING,040404040,5,1,NULL,4001272,NULL,NULL,NULL
181,GARTH,GOWA,040404040,2,1,NULL,4000635,201,30,65
182,GAYNOR,GRANVILLE,040404040,5,1,NULL,4001245,NULL,NULL,NULL
183,GENEVIEVE,GREENHORN,040404040,1,1,NULL,4000383,NULL,NULL,NULL
184,GEORGETTE,GREIG,040404040,5,1,NULL,4000017,310,30,20
185,GERAD,GRIFFITHS,040404040,NULL,1,NULL,4001382,201,25,60
186,GERARD,GRONDMAN,040404040,1,0,NULL,4000911,201,25,50
187,GEVE,GRUNDY,040404040,5,1,NULL,4001163,NULL,NULL,NULL
188,GINA,GYMER,040404040,7,1,NULL,4001301,310,30,30
189,GLADYS,HAENDEL,040404040,6,1,NULL,4000667,310,30,40
190,GLENDON,HAIR,040404040,2,1,NULL,4000571,201,30,65
191,GLORIA,HAM,040404040,6,1,NULL,4001308,310,30,40
192,GORDEN,HANCOCK,040404040,NULL,1,NULL,NULL,NULL,NULL,NULL
193,GRACIE,HANRAHAN,040404040,6,1,NULL,4001305,NULL,NULL,NULL
194,GRAME,HARDSIDE,040404040,6,1,NULL,NULL,NULL,NULL,NULL
195,GRAZYON,HARMAN,040404040,5,1,NULL,4000229,NULL,NULL,NULL
196,GREGORY,HARRISON,040404040,7,1,NULL,4000969,NULL,NULL,NULL
197,GUSTAF,HARVEY,040404040,5,1,NULL,4000854,310,30,20
198,GWEN,HAWE,040404040,2,1,NULL,4001236,201,25,65
199,GWENETH,HAYNES,040404040,7,1,NULL,4001297,310,25,30
200,GYULA,HEALES,040404040,7,1,NULL,4001221,310,30,30
201,HANNA,HEFFERNAN,040404040,4,1,NULL,4000832,201,25,60
202,HANS (PETER),HELLEWELL,040404040,6,1,NULL,NULL,NULL,NULL,NULL
203,HARPER,HENNEFFY,040404040,5,1,NULL,NULL,NULL,NULL,NULL
204,HARRISON,HENSHALL,040404040,5,1,NULL,NULL,NULL,NULL,NULL
205,HARVEY,HESLER,040404040,1,1,NULL,4001032,201,25,50
206,HAYES,HICKEY,040404040,1,1,NULL,4000861,201,30,50
207,HAZEL,HILES,040404040,4,1,NULL,4000172,201,30,60
208,HEATH,HINCH,040404040,2,1,NULL,4000885,201,30,65
209,HELDA,HITE,040404040,4,1,NULL,4000521,201,30,60
210,HELMET,HOCKEY,040404040,5,1,NULL,4000802,110,20,20
211,HENDRIKA,HOFFENSETZ,040404040,5,1,NULL,4001278,NULL,NULL,NULL
212,HEO,HOLDSWAY,040404040,5,1,NULL,4000627,NULL,NULL,NULL
213,HERBET,HOLM,040404040,5,1,NULL,4001044,310,30,20
215,HORST,HOPEWELL,040404040,1,1,NULL,4000139,311,30,50
216,HUGH,HORDERN,040404040,3,1,NULL,NULL,NULL,NULL,NULL
217,HYLTON,HORSBURGH,040404040,2,1,NULL,4000415,201,25,65
218,IESHA,HOSIER,040404040,1,1,NULL,4000188,NULL,NULL,NULL
219,ILUKA,HOUTGRAAF,040404040,7,1,NULL,4000597,310,25,30
220,INEZ,HOWLETT,040404040,5,1,NULL,4001254,NULL,NULL,NULL
221,ION,HUGHES,040404040,1,1,NULL,4001113,201,30,50
222,IRINA,HUNIA,040404040,6,1,NULL,4001354,310,25,40
223,ISABELLA,HUSTON,040404040,5,1,NULL,4000235,310,25,20
224,ISHAK,HYDE,040404040,4,0,NULL,NULL,NULL,NULL,NULL
225,ISOBEL,ING,040404040,NULL,1,NULL,NULL,NULL,NULL,NULL
226,IVAN,IRVIN,040404040,3,1,NULL,4001396,201,30,55
227,JACINTA,ISSAC,040404040,3,1,NULL,4001389,201,25,55
229,JADE,JAMES,040404040,4,1,NULL,4001364,201,25,60
230,JAIRESSE,JARRETT,040404040,6,1,NULL,4001310,NULL,NULL,NULL
231,JAKQUELINE,JEFFREYS,040404040,6,1,NULL,4001395,NULL,NULL,NULL
233,JANA,JOAN,040404040,NULL,0,NULL,4001402,NULL,NULL,NULL
236,JANMAREE,JUDGE,040404040,NULL,1,NULL,NULL,NULL,NULL,NULL
238,JARIS,KANITENG,040404040,1,1,NULL,NULL,NULL,NULL,NULL
239,JARROD,KATO,040404040,1,1,NULL,NULL,NULL,NULL,NULL
240,JASMINE,KEARNEY,040404040,1,1,NULL,NULL,NULL,NULL,NULL
241,JAWAI,KEEM,040404040,NULL,1,NULL,NULL,NULL,NULL,NULL
242,JAYDE,KEIR,040404040,1,1,NULL,NULL,NULL,NULL,NULL
243,JAYET,KEMSLEY,040404040,NULL,1,NULL,NULL,NULL,NULL,NULL
244,JEANENE,KEOGH,040404040,3,1,NULL,NULL,NULL,NULL,NULL
245,JED,KERKVLICT,040404040,NULL,1,NULL,NULL,NULL,NULL,NULL
246,JEFFREY,KEYES,040404040,4,1,NULL,NULL,NULL,NULL,NULL
247,JENETTE,KILBURN,040404040,NULL,1,NULL,NULL,NULL,NULL,NULL
248,JENS,KILPATRICK,040404040,NULL,1,NULL,NULL,NULL,NULL,NULL
249,JEREMIAH,KINGSLEY,040404040,NULL,1,NULL,NULL,NULL,NULL,NULL
250,JERRY,KIRKMAN,040404040,NULL,1,NULL,NULL,NULL,NULL,NULL
251,JESSICA,KLEIDON,040404040,3,1,NULL,NULL,NULL,NULL,NULL
252,JILL,KLOSSTER,040404040,3,1,NULL,NULL,NULL,NULL,NULL
253,JIMMY,KNOWLES,040404040,5,1,NULL,NULL,NULL,NULL,NULL
254,JOAN,KOHN,040404040,5,1,NULL,NULL,NULL,NULL,NULL
255,JOCELYN,KOONGOTENA,040404040,5,1,NULL,NULL,NULL,NULL,NULL
256,JODIMARIE,KORKATAN,040404040,5,1,NULL,NULL,NULL,NULL,NULL
257,JOELENE,KRAAK,040404040,5,1,NULL,NULL,NULL,NULL,NULL
258,JOHANNES,KROENERT,040404040,NULL,1,NULL,NULL,NULL,NULL,NULL
259,JOHNNY,KUHRT,040404040,NULL,1,NULL,NULL,NULL,NULL,NULL
260,JONAZE,"KUPKE,",040404040,NULL,1,NULL,NULL,NULL,NULL,NULL
261,JORDAN,LACKEY,040404040,NULL,1,NULL,NULL,NULL,NULL,NULL
262,JOSAPHINE,LAIDLOW,040404040,4,1,NULL,NULL,NULL,NULL,NULL
263,JOSEPHENE,LAMBETH,040404040,4,1,NULL,NULL,NULL,NULL,NULL
264,JOSHUA,LANDIS,040404040,4,1,NULL,NULL,NULL,NULL,NULL
265,JOY,LANGMAN,040404040,4,1,NULL,NULL,NULL,NULL,NULL
266,JUAHN,LARGE,040404040,4,1,NULL,NULL,NULL,NULL,NULL
267,JUDE,LATHAM,040404040,4,1,NULL,NULL,NULL,NULL,NULL
268,JULIA,LAWERY,040404040,4,1,NULL,NULL,NULL,NULL,NULL
269,JULIE,LAWTON,040404040,1,1,NULL,NULL,NULL,NULL,NULL
270,JUSTINE,LEARD,040404040,1,1,NULL,NULL,NULL,NULL,NULL
271,KADA,LEFEY,040404040,1,1,NULL,NULL,NULL,NULL,NULL
272,KAHDEE,LEIHT,040404040,1,0,NULL,NULL,NULL,NULL,NULL
273,KAIOME,LENTON,040404040,1,1,NULL,NULL,NULL,NULL,NULL
274,KALAYA,LEVERS,040404040,1,1,NULL,NULL,NULL,NULL,NULL
275,KANE,LIEBECK,040404040,4,1,NULL,NULL,NULL,NULL,NULL
276,KAREN,LINDSAY,040404040,4,1,NULL,NULL,NULL,NULL,NULL
277,KARISE,LITTLEWOOD,040404040,1,1,NULL,NULL,NULL,NULL,NULL
278,KARMA,LODDER,040404040,1,1,NULL,NULL,NULL,NULL,NULL
279,KARYN,LONG,040404040,1,1,NULL,NULL,NULL,NULL,NULL
280,KASHYA,LORS,040404040,1,1,NULL,NULL,NULL,NULL,NULL
281,KATHERINE,LOVELOCK,040404040,1,1,NULL,NULL,NULL,NULL,NULL
282,KATRINA,LOWRY,040404040,1,1,NULL,NULL,NULL,NULL,NULL
283,KAY,LUDERS,040404040,1,1,NULL,NULL,NULL,NULL,NULL
284,KAYLA,LUSCOTT,040404040,1,1,NULL,NULL,NULL,NULL,NULL
285,KAYLER,LYON,040404040,1,1,NULL,NULL,NULL,NULL,NULL
286,KEDRON,MACFARLANE,040404040,1,1,NULL,NULL,NULL,NULL,NULL
287,KEIREN,MACKIE,040404040,1,1,NULL,NULL,NULL,NULL,NULL
288,KELLI,MACPHERSON,040404040,1,1,NULL,NULL,NULL,NULL,NULL
289,KELVIN,MADSEN,040404040,1,1,NULL,NULL,NULL,NULL,NULL
290,KENNEATH,MAHONEY,040404040,1,1,NULL,NULL,NULL,NULL,NULL
291,KENT,MALAYTA,040404040,1,1,NULL,NULL,NULL,NULL,NULL
292,KERRI,MALLIE,040404040,1,1,NULL,NULL,NULL,NULL,NULL
293,KERRY,MAMETIEFF,040404040,1,1,NULL,NULL,NULL,NULL,NULL
294,KEVIN,MANGCO,040404040,1,1,NULL,NULL,NULL,NULL,NULL
295,KIEREN,MANSION,040404040,1,1,NULL,NULL,NULL,NULL,NULL
296,KIM,MANZELMANN,040404040,1,1,NULL,NULL,NULL,NULL,NULL
297,KINGSTON,MARGNA,040404040,1,1,NULL,NULL,NULL,NULL,NULL
298,KLAIRE,MARKHAMGAUDION,040404040,1,1,NULL,NULL,NULL,NULL,NULL
299,KOBI,MARPOONBIN,040404040,NULL,1,NULL,NULL,NULL,NULL,NULL
300,KOLEA,MARTIN,040404040,NULL,1,NULL,NULL,NULL,NULL,NULL
301,KRISTI,MATAPA,040404040,NULL,1,NULL,NULL,NULL,NULL,NULL
302,KRYSTA,MATSON,040404040,3,1,NULL,NULL,NULL,NULL,NULL
303,KURTIS,MAULONI,040404040,NULL,1,NULL,NULL,NULL,NULL,NULL
304,KYARNNA,MAYER,040404040,NULL,1,NULL,NULL,NULL,NULL,NULL
305,KYLE,MCADAM,040404040,NULL,1,NULL,NULL,NULL,NULL,NULL
306,KYNISHA,MCAUSLAND,040404040,NULL,1,NULL,NULL,NULL,NULL,NULL
307,KYRON,MCCARTHY,040404040,NULL,1,NULL,NULL,NULL,NULL,NULL
308,LAEVINA,MCCONVILLE,040404040,NULL,1,NULL,NULL,NULL,NULL,NULL
309,LANCE,MCDOUGAL,040404040,4,1,NULL,NULL,NULL,NULL,NULL
310,LARRY,MCFADZEN,040404040,4,1,NULL,NULL,NULL,NULL,NULL
311,LATEESHA,MCGOVERN,040404040,4,1,NULL,NULL,NULL,NULL,NULL
312,LAURA,MCGUIGAN,040404040,1,1,NULL,NULL,NULL,NULL,NULL
313,LAURENCE,MCINTYRE,040404040,1,1,NULL,NULL,NULL,NULL,NULL
314,LAWRENCE,MCKELLAR,040404040,1,1,NULL,NULL,NULL,NULL,NULL
315,LAYNE,MCLACHLAN,040404040,1,1,NULL,NULL,NULL,NULL,NULL
316,LEAIAM,MCLUCAS,040404040,1,1,NULL,NULL,NULL,NULL,NULL
317,LEANNE,MCNAB,040404040,1,1,NULL,NULL,NULL,NULL,NULL
318,LEENDERT,MCPHEE,040404040,1,1,NULL,NULL,NULL,NULL,NULL
319,LEIF,MDLEN,040404040,1,1,NULL,NULL,NULL,NULL,NULL
320,LEIGHANNE,MEENIN,040404040,1,1,NULL,NULL,NULL,NULL,NULL
321,LEN,MELZNER,040404040,1,1,NULL,NULL,NULL,NULL,NULL
322,LENORE,MERRILL,040404040,1,1,NULL,NULL,NULL,NULL,NULL
323,LEONARD,MEYERS,040404040,1,1,NULL,NULL,NULL,NULL,NULL
324,LEONNE,MIERES,040404040,1,1,NULL,NULL,NULL,NULL,NULL
325,LESLIE,MILL,040404040,1,1,NULL,NULL,NULL,NULL,NULL
326,LEWIN,MILLSOM,040404040,1,1,NULL,NULL,NULL,NULL,NULL
327,LIDDY,MINKIN,040404040,1,1,NULL,NULL,NULL,NULL,NULL
328,LILLIAN,MITHCELL,040404040,4,1,NULL,NULL,NULL,NULL,NULL
329,LIM,MODIMAYR,040404040,4,1,NULL,NULL,NULL,NULL,NULL
330,LINDSEY,MOLLOY,040404040,4,1,NULL,NULL,NULL,NULL,NULL
331,LINO,MOOLLA,040404040,4,1,NULL,NULL,NULL,NULL,NULL
332,LISA,MORIEE,040404040,4,1,NULL,NULL,NULL,NULL,NULL
333,LLYOD,MORTON,040404040,4,1,NULL,NULL,NULL,NULL,NULL
334,LOGAN,MOTTON,040404040,4,1,NULL,NULL,NULL,NULL,NULL
335,LORAINE,MUGGLETON,040404040,1,1,NULL,NULL,NULL,NULL,NULL
336,LORENA,MULLINS,040404040,NULL,1,NULL,NULL,NULL,NULL,NULL
337,LORNA,MUNSTER,040404040,NULL,1,NULL,NULL,NULL,NULL,NULL
338,LOUIS,MURRIN,040404040,1,1,NULL,NULL,NULL,NULL,NULL
339,LOWIS,NAGLE,040404040,1,1,NULL,NULL,NULL,NULL,NULL
340,LUCUS,NAPPER,040404040,1,1,NULL,NULL,NULL,NULL,NULL
341,LUKE,NAYLOR,040404040,1,1,NULL,NULL,NULL,NULL,NULL
342,LUZBIMINDA,NED,040404040,1,1,NULL,NULL,NULL,NULL,NULL
343,LYLE,NESBITT,040404040,1,1,NULL,NULL,NULL,NULL,NULL
344,LYNDELLE,NEWLAN,040404040,1,1,NULL,NULL,NULL,NULL,NULL
345,LYNELL,NGAKYUNKWOKKA,040404040,1,1,NULL,NULL,NULL,NULL,NULL
346,LYNNETH,NICHOLLS,040404040,1,1,NULL,NULL,NULL,NULL,NULL
347,LYNNIKA,NIESLER,040404040,4,1,NULL,NULL,NULL,NULL,NULL
348,MAC,NOAKES,040404040,4,1,NULL,NULL,NULL,NULL,NULL
349,MACI,NOONAN,040404040,4,1,NULL,NULL,NULL,NULL,NULL
350,MADELEINE,NORTON,040404040,4,1,NULL,NULL,NULL,NULL,NULL
351,MAHALIA,NUSS,040404040,4,1,NULL,NULL,NULL,NULL,NULL
352,MAKALYA,OAKES,040404040,1,1,NULL,NULL,NULL,NULL,NULL
353,MALAMOO,OCONNOR,040404040,5,1,NULL,NULL,NULL,NULL,NULL
354,MANA,OFLAHERTY,040404040,NULL,1,NULL,NULL,NULL,NULL,NULL
355,MANUK,OLDERSHAW,040404040,NULL,1,NULL,NULL,NULL,NULL,NULL
356,MARCEL,OLRENSHAW,040404040,3,1,NULL,NULL,NULL,NULL,NULL
361,MARILYN,OWOKRAN,040404040,10,1,NULL,4001384,110,20,40
368,MASELLA,PAUZA,040404040,1,1,NULL,9000225,0,0,50
375,MELANIE,PIGGOTT,040404040,5,1,NULL,NULL,NULL,NULL,NULL
376,MELISSA,PINKEY,040404040,4,0,NULL,NULL,NULL,NULL,NULL
380,MESHACH,POMROY,040404040,1,1,NULL,9000305,0,0,50
385,MINDIE,PRIMARY (CHILD),040404040,1,1,NULL,4001433,NULL,NULL,NULL
386,MIRON,PRYCE,040404040,5,1,NULL,4001404,110,20,20
387,MOEISHA,PULLEN,040404040,6,1,NULL,NULL,NULL,NULL,NULL
388,MONETTE,PYE,040404040,4,1,NULL,4001432,201,25,60
389,MONTANAH,QUIGLEY,040404040,NULL,1,NULL,NULL,NULL,NULL,NULL
390,MORRIS,RADEL,040404040,6,1,NULL,4001407,NULL,NULL,NULL
391,MURIEL,RAFTER,040404040,2,1,NULL,NULL,NULL,NULL,NULL
392,MYRTHA,RAMSAY,040404040,5,1,NULL,4001427,110,20,20
393,NAFIZA,RANTUCCI,040404040,5,1,NULL,4001444,110,20,20
394,NANETTE,RAY,040404040,5,1,NULL,4001446,NULL,NULL,NULL
395,NAPOLEON,REARDON,040404040,5,1,NULL,4001405,NULL,NULL,NULL
396,NARISSA,REDWAY,040404040,NULL,1,NULL,9000264,NULL,NULL,NULL
397,NATALIGA,REIF,040404040,NULL,1,NULL,9000265,NULL,NULL,NULL
398,NATASHA,RENWICK,040404040,7,1,NULL,4001434,310,30,30
399,NATLIJA,REVELL,040404040,6,1,NULL,NULL,NULL,NULL,NULL
400,NAZARETH,RICHARDSON,040404040,4,1,NULL,4001457,203,30,70
401,NEELTJE,RIDDEL,040404040,1,1,NULL,4001464,NULL,NULL,NULL
403,NEMIAH,ROACH,040404040,5,1,NULL,4001322,NULL,NULL,NULL
404,NERISSA,ROBYN,040404040,2,1,NULL,4001470,201,25,65
424,PAYTE,SEBALY,040404040,NULL,1,NULL,4001472,203,30,70
426,PETER,SENIOR,040404040,NULL,1,NULL,4001467,110,20,40
431,PRISCILLA,SHIRLEY,040404040,NULL,1,NULL,4001454,110,20,40
435,RALPH,SKEGGS,040404040,NULL,1,NULL,9000244,0,0,50
440,REINHOLD,SOMMERFIELD,040404040,NULL,1,NULL,4001426,110,20,20
441,RENATA,SOWIAK,040404040,NULL,1,NULL,4001345,110,20,20
442,RENSKE,SPENCE,040404040,NULL,1,NULL,4001476,110,20,20
443,REYNOLD,SPRATT,040404040,NULL,1,NULL,4001440,201,25,20
444,RHIANNAN,STACK,040404040,NULL,1,NULL,4001487,310,25,30
445,RHONDA,STANDLEY,040404040,NULL,0,NULL,4001477,310,25,40
446,RHYSE,STASIA,040404040,NULL,1,NULL,4001421,110,20,20
447,RICHARD,STEHVENS,040404040,NULL,1,NULL,4001491,110,20,30
448,RICKY,STEVEN,040404040,NULL,1,NULL,9000318,0,0,50
449,RIVER,STILL,040404040,NULL,1,NULL,9000319,201,25,50
450,ROBBINANN,STOKES,040404040,NULL,1,NULL,4001484,310,30,40
451,ROBIN,STORY,040404040,NULL,1,NULL,4001493,201,25,50
452,ROCCO,STREETER,040404040,NULL,1,NULL,4001485,110,20,40
453,ROGER,STRUDWICK,040404040,6,1,NULL,NULL,NULL,NULL,NULL
454,ROLFE,SULTNER,040404040,6,1,NULL,NULL,NULL,NULL,NULL
455,RONALD,SUTHERN,040404040,6,1,NULL,NULL,NULL,NULL,NULL
456,RONNIE,SWEENEY,040404040,NULL,1,NULL,4001486,NULL,NULL,NULL
457,ROSALIND,SZOSLER,040404040,NULL,1,NULL,4000067,NULL,NULL,NULL
458,ROSEMARY,TAMALI,040404040,NULL,1,NULL,4001450,NULL,NULL,NULL
459,ROSLYN,TANKS,040404040,NULL,1,NULL,4001067,NULL,NULL,NULL
460,ROWENA,TATLEY,040404040,NULL,1,NULL,4001504,NULL,NULL,NULL
461,ROY,TEALE,040404040,7,1,<collection/>,NULL,NULL,NULL,NULL
462,RUBY,TELEKY,040404040,5,1,<collection/>,NULL,NULL,NULL,NULL
463,RUSSEL,TERARE,040404040,6,1,<collection/>,NULL,NULL,NULL,NULL
464,RYDER,THATHER,040404040,7,1,<collection/>,NULL,NULL,NULL,NULL
465,SABELLA,THORN,040404040,5,1,<collection/>,NULL,NULL,NULL,NULL
466,SAKANA,TIBBITTS,040404040,6,1,<collection/>,NULL,NULL,NULL,NULL
467,SALLEY,TINDY,040404040,NULL,1,NULL,4001488,NULL,NULL,NULL
468,SAMBO,TOLSON,040404040,NULL,1,NULL,4001521,NULL,NULL,NULL
469,SANDRA,TONGS,040404040,NULL,1,NULL,4001503,NULL,NULL,NULL
470,SARAH,TOUR,040404040,NULL,1,NULL,4001260,NULL,NULL,NULL
471,SARY,TRAVERS,040404040,3,1,NULL,NULL,NULL,NULL,NULL
472,SAVANAH,TRHERNE,040404040,NULL,1,NULL,4001441,NULL,NULL,NULL
473,SEALOA,TROUTMAN,040404040,NULL,1,NULL,4001513,NULL,NULL,NULL
474,SEIBO,TUITE,040404040,NULL,1,NULL,4001524,NULL,NULL,NULL
475,SELWYN,TURPIE,040404040,NULL,1,NULL,4001519,NULL,NULL,NULL
